bam,year,sample_id,Anti,BC,row,genus,species
261-G22.merged.bam,2015,261-G22,ACCA,3,10,Thunnus,albacares
261-G21.merged.bam,2015,261-G21,AGAC,2,10,Thunnus,albacares
Pool_10_Jaskiel_Lane2_S10_L004_R1_001_AGTG.trim.bt2.bam,2015,261-G24,AGTG,4,10,Thunnus,albacares
268-G11.merged.bam,2016,268-G11,CTAC,9,10,Thunnus,albacares
Pool_10_Jaskiel_Lane2_S10_L004_R1_001_GACT.trim.bt2.bam,2020,Y19,GACT,12,10,Thunnus,albacares
Pool_10_S10_L002_R1_001_AGAC.trim.bt2.bam,2018,281-G230,AGAC,2,10,Thunnus,albacares
Pool_10_S10_L002_R1_001_GACT.trim.bt2.bam,2018,281-G245,GACT,12,10,Thunnus,albacares
Pool_11_Jaskiel_Lane2_S11_L004_R1_001_TCAC.trim.bt2.bam,2020,Y13,TCAC,11,11,Thunnus,albacares
Pool_11_Jaskiel_Lane2_S11_L004_R1_001_TCAG.trim.bt2.bam,2015,261-G19,TCAG,7,11,Thunnus,albacares
Pool_11_Jaskiel_Lane2_S11_L004_R1_001_TGTC.trim.bt2.bam,2016,268-G19,TGTC,10,11,Thunnus,albacares
281-G248.merged.bam,2018,281-G248,ACCA,3,11,Thunnus,albacares
281-G249.merged.bam,2018,281-G249,AGTG,4,11,Thunnus,albacares
Pool_12_Jaskiel_Lane2_S12_L004_R1_001_AGTG.trim.bt2.bam,2015,261-G20,AGTG,4,12,Thunnus,albacares
Pool_12_Jaskiel_Lane2_S12_L004_R1_001_CATC.trim.bt2.bam,2017,274-G15,CATC,5,12,Thunnus,albacares
Pool_12_Jaskiel_Lane2_S12_L004_R1_001_GCTT.trim.bt2.bam,2018,281-G42,GCTT,8,12,Thunnus,albacares
Pool_12_Jaskiel_Lane2_S12_L004_R1_001_GTGA.trim.bt2.bam,2017,274-G16,GTGA,6,12,Thunnus,albacares
Pool_12_Jaskiel_Lane2_S12_L004_R1_001_TGGT.trim.bt2.bam,2018,281-P1,TGGT,1,12,Thunnus,albacares
Pool_12_S12_L002_R1_001_AGAC.trim.bt2.bam,2018,281-G260,AGAC,2,12,Thunnus,albacares
Pool_12_S12_L002_R1_001_AGTG.trim.bt2.bam,2018,281-G262,AGTG,4,12,Thunnus,albacares
Pool_12_S12_L002_R1_001_GTGA.trim.bt2.bam,2018,281-G264,GTGA,6,12,Thunnus,albacares
Pool_12_S12_L002_R1_001_TCAG.trim.bt2.bam,2018,281-G265,TCAG,7,12,Thunnus,albacares
Pool_12_S12_L002_R1_001_TGGT.trim.bt2.bam,2018,281-G259,TGGT,1,12,Thunnus,albacares
Pool_13_Jaskiel_Lane2_S13_L004_R1_001_GTGA.trim.bt2.bam,2015,261-G18,GTGA,6,13,Thunnus,albacares
268-G251.merged.bam,2016,268-G251,TCAC,11,14,Thunnus,albacares
261-G26.merged.bam,2015,261-G26,AGAC,2,16,Thunnus,albacares
Y21.merged.bam,2020,Y21,GACT,12,16,Thunnus,albacares
281-G23.merged.bam,2018,281-G23,GCTT,8,16,Thunnus,albacares
Pool_18_S2_L001_R1_001_AGTG.trim.bt2.bam,2018,281-G184,AGTG,4,18,Thunnus,albacares
Pool_1_Jaskiel_Lane1_S1_L003_R1_001_CATC.trim.bt2.bam,2018,281-G26,CATC,5,1,Thunnus,albacares
Pool_1_Jaskiel_Lane1_S1_L003_R1_001_GACT.trim.bt2.bam,2020,Y08,GACT,12,1,Thunnus,albacares
Pool_1_Jaskiel_Lane1_S1_L003_R1_001_GCTT.trim.bt2.bam,2018,281-G54,GCTT,8,1,Thunnus,albacares
Pool_1_Jaskiel_Lane1_S1_L003_R1_001_GTGA.trim.bt2.bam,2018,281-G36,GTGA,6,1,Thunnus,albacares
Pool_1_Jaskiel_Lane1_S1_L003_R1_001_TCAG.trim.bt2.bam,2018,281-G51,TCAG,7,1,Thunnus,albacares
Pool_21_S5_L001_R1_001_CTAC.trim.bt2.bam,2018,281-G121,CTAC,9,21,Thunnus,albacares
Pool_21_S5_L001_R1_001_GACT.trim.bt2.bam,2018,281-G141,GACT,12,21,Thunnus,albacares
Pool_21_S5_L001_R1_001_TGTC.trim.bt2.bam,2018,281-G126,TGTC,10,21,Thunnus,albacares
Pool_23_S7_L001_R1_001_AGAC.trim.bt2.bam,2022,P2,AGAC,2,23,Thunnus,albacares
P12.merged.bam,2022,P12,GACT,12,23,Thunnus,albacares
Pool_24_S8_L001_R1_001_CTAC.trim.bt2.bam,2022,P21,CTAC,9,24,Thunnus,albacares
Pool_24_S8_L001_R1_001_GCTT.trim.bt2.bam,2022,P20,GCTT,8,24,Thunnus,albacares
Pool_24_S8_L001_R1_001_GTGA.trim.bt2.bam,2022,P18,GTGA,6,24,Thunnus,albacares
Pool_24_S8_L001_R1_001_TGGT.trim.bt2.bam,2022,P13,TGGT,1,24,Thunnus,albacares
Pool_2_Jaskiel_Lane1_S2_L003_R1_001_ACCA.trim.bt2.bam,2018,281-G24,ACCA,3,2,Thunnus,albacares
Pool_2_Jaskiel_Lane1_S2_L003_R1_001_AGTG.trim.bt2.bam,2018,281-G25,AGTG,4,2,Thunnus,albacares
Pool_2_Jaskiel_Lane1_S2_L003_R1_001_CATC.trim.bt2.bam,2018,281-G29,CATC,5,2,Thunnus,albacares
Pool_2_Jaskiel_Lane1_S2_L003_R1_001_GACT.trim.bt2.bam,2020,Y03,GACT,12,2,Thunnus,albacares
Pool_3_Jaskiel_Lane1_S3_L003_R1_001_ACCA.trim.bt2.bam,2018,281-G35,ACCA,3,3,Thunnus,albacares
Pool_3_Jaskiel_Lane1_S3_L003_R1_001_AGAC.trim.bt2.bam,2018,281-G34,AGAC,2,3,Thunnus,albacares
Pool_3_Jaskiel_Lane1_S3_L003_R1_001_AGTG.trim.bt2.bam,2018,281-G43,AGTG,4,3,Thunnus,albacares
Pool_3_Jaskiel_Lane1_S3_L003_R1_001_CATC.trim.bt2.bam,2018,281-G44,CATC,5,3,Thunnus,albacares
Pool_3_Jaskiel_Lane1_S3_L003_R1_001_CTAC.trim.bt2.bam,2018,281-G50,CTAC,9,3,Thunnus,albacares
Pool_3_Jaskiel_Lane1_S3_L003_R1_001_GACT.trim.bt2.bam,2018,281-G56,GACT,12,3,Thunnus,albacares
Pool_3_Jaskiel_Lane1_S3_L003_R1_001_GCTT.trim.bt2.bam,2018,281-G49,GCTT,8,3,Thunnus,albacares
Pool_3_Jaskiel_Lane1_S3_L003_R1_001_GTGA.trim.bt2.bam,2018,281-G46,GTGA,6,3,Thunnus,albacares
Pool_3_Jaskiel_Lane1_S3_L003_R1_001_TCAC.trim.bt2.bam,2018,281-G55,TCAC,11,3,Thunnus,albacares
Pool_3_Jaskiel_Lane1_S3_L003_R1_001_TCAG.trim.bt2.bam,2018,281-G47,TCAG,7,3,Thunnus,albacares
Pool_3_Jaskiel_Lane1_S3_L003_R1_001_TGGT.trim.bt2.bam,2018,281-G27,TGGT,1,3,Thunnus,albacares
Pool_3_Jaskiel_Lane1_S3_L003_R1_001_TGTC.trim.bt2.bam,2018,281-G52,TGTC,10,3,Thunnus,albacares
Pool_4_Jaskiel_Lane1_S4_L003_R1_001_CATC.trim.bt2.bam,2017,274-G13,CATC,5,4,Thunnus,albacares
281-G22.merged.bam,2018,281-G22,CTAC,9,4,Thunnus,albacares
Pool_4_Jaskiel_Lane1_S4_L003_R1_001_GACT.trim.bt2.bam,2018,281-G33,GACT,12,4,Thunnus,albacares
274-G14.merged.bam,2017,274-G14,GTGA,6,4,Thunnus,albacares
261-G23.merged.bam,2015,261-G23,TGGT,1,4,Thunnus,albacares
Pool_4_Jaskiel_Lane1_S4_L003_R1_001_TGTC.trim.bt2.bam,2018,281-G28,TGTC,10,4,Thunnus,albacares
Pool_4_S4_L001_R1_001_TCAG.trim.bt2.bam,2016,268-G250,TCAG,7,4,Thunnus,albacares
Pool_5_Jaskiel_Lane1_S5_L003_R1_001_ACCA.trim.bt2.bam,2018,281-G53,ACCA,3,5,Thunnus,albacares
Pool_5_Jaskiel_Lane1_S5_L003_R1_001_AGAC.trim.bt2.bam,2018,281-G45,AGAC,2,5,Thunnus,albacares
Pool_5_Jaskiel_Lane1_S5_L003_R1_001_CTAC.trim.bt2.bam,2020,Y05,CTAC,9,5,Thunnus,albacares
Pool_5_Jaskiel_Lane1_S5_L003_R1_001_GACT.trim.bt2.bam,2020,Y09,GACT,12,5,Thunnus,albacares
Pool_5_Jaskiel_Lane1_S5_L003_R1_001_GCTT.trim.bt2.bam,2020,Y04,GCTT,8,5,Thunnus,albacares
Pool_5_Jaskiel_Lane1_S5_L003_R1_001_GTGA.trim.bt2.bam,2020,Y01,GTGA,6,5,Thunnus,albacares
Pool_5_Jaskiel_Lane1_S5_L003_R1_001_TCAC.trim.bt2.bam,2020,Y07,TCAC,11,5,Thunnus,albacares
Pool_5_Jaskiel_Lane1_S5_L003_R1_001_TCAG.trim.bt2.bam,2020,Y02,TCAG,7,5,Thunnus,albacares
Pool_5_Jaskiel_Lane1_S5_L003_R1_001_TGTC.trim.bt2.bam,2020,Y06,TGTC,10,5,Thunnus,albacares
Pool_5_S5_L001_R1_001_TGGT.trim.bt2.bam,2017,274-G21,TGGT,1,5,Thunnus,albacares
Pool_6_Jaskiel_Lane1_S6_L003_R1_001_CATC.trim.bt2.bam,2020,Y10,CATC,5,6,Thunnus,albacares
Pool_6_Jaskiel_Lane1_S6_L003_R1_001_CTAC.trim.bt2.bam,2020,Y15,CTAC,9,6,Thunnus,albacares
Pool_6_Jaskiel_Lane1_S6_L003_R1_001_GACT.trim.bt2.bam,2020,Y18,GACT,12,6,Thunnus,albacares
Pool_6_Jaskiel_Lane1_S6_L003_R1_001_GCTT.trim.bt2.bam,2020,Y14,GCTT,8,6,Thunnus,albacares
Pool_6_Jaskiel_Lane1_S6_L003_R1_001_GTGA.trim.bt2.bam,2020,Y11,GTGA,6,6,Thunnus,albacares
Pool_6_Jaskiel_Lane1_S6_L003_R1_001_TCAC.trim.bt2.bam,2020,Y17,TCAC,11,6,Thunnus,albacares
Pool_6_Jaskiel_Lane1_S6_L003_R1_001_TCAG.trim.bt2.bam,2020,Y12,TCAG,7,6,Thunnus,albacares
Pool_6_Jaskiel_Lane1_S6_L003_R1_001_TGTC.trim.bt2.bam,2020,Y16,TGTC,10,6,Thunnus,albacares
Pool_6_S6_L001_R1_001_TCAC.trim.bt2.bam,2018,281-G59,TCAC,11,6,Thunnus,albacares
Pool_7_Jaskiel_Lane1_S7_L003_R1_001_ACCA.trim.bt2.bam,2020,Y22,ACCA,3,7,Thunnus,albacares
Pool_7_Jaskiel_Lane1_S7_L003_R1_001_AGTG.trim.bt2.bam,2020,Y23,AGTG,4,7,Thunnus,albacares
Pool_7_Jaskiel_Lane1_S7_L003_R1_001_CATC.trim.bt2.bam,2020,Y24,CATC,5,7,Thunnus,albacares
Pool_7_Jaskiel_Lane1_S7_L003_R1_001_CTAC.trim.bt2.bam,2020,Y29,CTAC,9,7,Thunnus,albacares
Pool_7_Jaskiel_Lane1_S7_L003_R1_001_GCTT.trim.bt2.bam,2020,Y28,GCTT,8,7,Thunnus,albacares
Y25.merged.bam,2020,Y25,GTGA,6,7,Thunnus,albacares
Pool_7_Jaskiel_Lane1_S7_L003_R1_001_TCAG.trim.bt2.bam,2020,Y26,TCAG,7,7,Thunnus,albacares
Y20.merged.bam,2020,Y20,TGGT,1,7,Thunnus,albacares
Pool_7_Jaskiel_Lane1_S7_L003_R1_001_TGTC.trim.bt2.bam,2020,Y30,TGTC,10,7,Thunnus,albacares
Pool_7_S7_L001_R1_001_GTGA.trim.bt2.bam,2018,281-G74,GTGA,6,7,Thunnus,albacares
Pool_7_S7_L001_R1_001_TGGT.trim.bt2.bam,2018,281-G63,TGGT,1,7,Thunnus,albacares
Pool_9_Jaskiel_Lane2_S9_L004_R1_001_GACT.trim.bt2.bam,2019,287-G36,GACT,12,9,Thunnus,albacares